date,avg_temperature_c,hdd,hdd_dev,ND,TSD,ENGLAND_WALES_DEMAND,EMBEDDED_WIND_GENERATION,EMBEDDED_SOLAR_GENERATION,wind_shortfall
2026-01-02,2.1375,26.725,-15.767166666666668,28962.197916666664,31896.270833333332,26767.989583333336,3742.635416666667,954.5729166666669,-1447.6873206051196
2026-01-09,0.6148809523809524,104.19583333333334,61.70366666666667,35356.916666666664,38206.24702380953,32098.511904761905,2279.0446428571427,873.6547619047618,15.90345320440474
2026-01-16,5.010714285714285,73.425,30.932833333333328,33297.57440476191,35603.36309523809,30721.199404761905,2562.651785714286,600.7619047619048,-267.7036896527384
2026-01-23,7.196428571428571,58.125,15.63283333333333,32074.79464285714,34614.604166666664,29613.10714285714,2675.8184523809527,413.3511904761905,-380.87035631940535
2026-01-30,5.302380952380952,71.38333333333333,28.891166666666656,32409.113095238095,35109.25,30034.011904761905,3100.875,609.8779761904761,-805.9269039384526
2026-02-06,6.0130952380952385,66.40833333333333,23.916166666666665,32518.0505952381,35121.27678571428,29939.872023809523,2670.145833333333,504.25892857142856,-375.1977372717856
2026-02-13,7.4625,56.2625,13.770333333333326,32006.854166666664,36345.46726190475,29365.922619047615,1895.4613095238096,584.7797619047619,399.486786537738
2026-02-20,4.485714285714286,77.1,34.607833333333325,32198.026785714286,35757.06547619047,29566.11904761905,2664.916666666667,1085.595238095238,-369.9685706051196
2026-02-27,10.92202380952381,32.045833333333334,-10.446333333333335,28200.08630952381,31311.41964285714,26048.970238095237,3028.3184523809527,1271.9970238095236,-733.3703563194053
2026-03-06,8.79702380952381,46.920833333333334,4.428666666666665,28561.675595238095,31150.449404761905,26143.214285714286,1916.169642857143,1817.5744047619048,378.7784532044045
2026-03-13,8.222619047619048,50.94166666666666,8.449499999999993,28621.988095238095,30987.526785714286,26528.988095238095,2850.5297619047624,1420.139880952381,-555.581665843215
2026-03-20,7.9869047619047615,52.59166666666667,10.0995,26887.479166666664,29449.895833333336,24731.791666666668,2204.7113095238096,2856.336309523809,90.23678653773776
2026-03-27,7.441666666666667,56.40833333333333,13.916166666666662,27107.089285714286,29478.761904761905,24957.839285714286,2409.827380952381,2505.297619047619,-114.8792848908338
2026-04-03,8.657738095238095,47.89583333333333,5.403666666666659,25954.185817805384,29192.068969979297,23932.932194616977,2950.966744306418,2408.7283902691515,-656.0186482448707
2026-04-10,10.288095238095238,36.483333333333334,-6.008833333333335,23059.389880952374,25592.470238095237,21019.401785714286,2406.565476190476,3429.8214285714284,-111.61738012892874
2026-04-17,9.960119047619049,38.77916666666667,-3.713000000000001,24245.50595238095,28435.059523809523,22417.133928571428,2962.625,2886.1190476190473,-667.6769039384526
2026-04-24,9.623214285714283,41.1375,-1.354666666666667,23016.464285714286,25038.229166666664,20756.02380952381,1465.6488095238094,4539.389880952381,829.299286537738
2026-05-01,12.74702380952381,19.27083333333333,-23.22133333333334,22484.95535714286,24621.27380952381,20199.883928571428,1370.0059523809523,4482.616071428572,924.9421436805948
2026-05-08,11.980952380952385,24.633333333333333,-17.858833333333337,23827.803571428572,26417.64880952381,21623.339285714286,823.7916666666667,3002.9315476190473,1471.156429394881
2026-05-15,9.823809523809524,39.733333333333334,-2.7588333333333352,23173.11904761905,24771.21130952381,21053.526785714286,1711.7619047619048,3624.5565476190473,583.1861912996426
2026-05-22,13.0625,21.275,-21.21716666666667,23083.13095238095,25115.800595238095,21021.860119047615,1813.5744047619048,3274.5803571428573,481.3736912996426
2026-05-29,21.51845238095238,0.0,-42.49216666666667,20875.104166666664,22694.49583333333,18979.641666666663,982.8125,5101.1208333333325,1312.1355960615474
